h3_cell,listing_count,unlicensed_rate,mean_price,coef_bw30,coef_bw60,coef_bw101,sig_bw30,sig_bw60,sig_bw101
881ec900e3fffff,6,0.6666666666666666,3770.0,-0.22451057786106388,-0.18400966547495037,-0.17248203574445614,1,1,1
881ec90209fffff,97,0.17525773195876287,5242.556701030928,-0.23000859822749908,-0.1867245003433426,-0.14010088318131075,1,1,1
881ec9020dfffff,257,0.1828793774319066,3295.568093385214,-0.11416619501012817,-0.13494955230671365,-0.12459290015677717,0,1,1
881ec90213fffff,604,0.27980132450331124,2479.801324503311,0.0926168850175155,-0.07930441340424674,-0.11162661328611184,0,0,1
881ec90217fffff,115,0.25217391304347825,3020.0173913043477,0.05858094463533268,-0.08787003317461987,-0.10206830482820198,0,0,1
881ec9021bfffff,130,0.3153846153846154,2225.607692307692,-0.020557620620725692,-0.11157802905202527,-0.12682725076316265,0,1,1
881ec90241fffff,20,0.25,4148.05,-0.1145572810920612,-0.19771166011020563,-0.18532655981028962,0,1,1
881ec90243fffff,16,0.3125,2845.5625,-0.2740110371987332,-0.19956651856708893,-0.17561678281996332,1,1,1
881ec90245fffff,21,0.14285714285714285,3453.6190476190477,-0.12087817509907292,-0.17245014508916912,-0.16243525314904914,0,1,1
881ec90247fffff,227,0.18502202643171806,4312.251101321586,-0.06743974172321623,-0.17062640884730956,-0.15406074339810866,0,1,1
881ec90249fffff,1403,0.09907341411261582,4991.684248039915,-0.2599836240384301,-0.24107300578961785,-0.20895840977917662,0,1,1
881ec9024bfffff,41,0.2682926829268293,3638.4146341463415,-0.2733004984964901,-0.21081434875671226,-0.2079812170757362,1,1,1
881ec9024dfffff,56,0.23214285714285715,2216.6785714285716,-0.18145707887859522,-0.21133833401002958,-0.18311172321102237,0,1,1
881ec90253fffff,12,0.9166666666666666,1442.4166666666667,-0.32725804537584696,-0.24468917504040533,-0.1666886087634606,1,1,1
881ec90259fffff,7,0.14285714285714285,4439.0,-0.2916462357337929,-0.2736844105424774,-0.2233799877631802,1,1,1
881ec9025bfffff,50,0.4,3238.28,-0.3324639460625817,-0.2922102509677643,-0.20727745001937325,1,1,1
881ec90261fffff,5,0.0,1345.8,-0.02859635455552839,-0.10846999938975742,-0.12499925371846703,0,0,1
881ec90269fffff,124,0.25,2411.7580645161293,-0.0718386870260733,-0.13208588310735192,-0.14401682249909453,0,1,1
881ec9026bfffff,799,0.17271589486858574,3278.123904881101,-0.06459371975154105,-0.1403716597274921,-0.13742488001802694,0,1,1
881ec9026dfffff,14,0.8571428571428571,1900.7142857142858,-0.017198444777685618,-0.10134017785251612,-0.12981605285019981,0,0,1
881ec90281fffff,12,0.5,5165.416666666667,-0.13280085368934952,-0.04279205115895479,-0.12718554352040168,0,0,1
881ec90283fffff,5,0.8,5031.4,-0.2141721951040549,-0.08657839473954497,-0.14420970638628483,1,0,1
881ec90289fffff,5,1.0,3568.0,-0.06828267773676291,-0.036505065579006374,-0.11983918585028819,0,0,1
881ec9028bfffff,14,0.6428571428571429,2932.9285714285716,-0.17428547000743744,-0.07689749968482959,-0.14077569735442366,0,0,1
881ec90291fffff,7,0.7142857142857143,2890.0,-0.2158225447680121,-0.17246566350314635,-0.16476854940186547,1,1,1
881ec90293fffff,7,0.2857142857142857,4186.714285714285,-0.16061233269233904,-0.19071199919357398,-0.1735139596473616,0,1,1
881ec90295fffff,6,0.5,4206.0,-0.23916284858792985,-0.13426586353728967,-0.1561174695843057,1,1,1
881ec90297fffff,9,0.5555555555555556,3014.1111111111113,-0.16460922686806181,-0.16737435696304745,-0.1677174956819772,0,1,1
881ec90299fffff,5,1.0,1402.0,-0.24158947684623205,-0.18498834510560297,-0.1643283942517076,1,1,1
881ec902b9fffff,7,0.2857142857142857,5116.428571428572,-0.21856916741221394,-0.09475225262318554,-0.14524403127862712,1,0,1
881ec902c1fffff,38,0.5789473684210527,3094.342105263158,0.08535035054233973,-0.03142359185768853,-0.11071593242435498,0,0,1
881ec902c5fffff,32,0.375,2987.15625,0.11129578132485846,-0.04653231316793198,-0.10353210141087307,0,0,1
881ec902c7fffff,14,0.6428571428571429,2656.6428571428573,0.05796679186162257,-0.022620253475858193,-0.10560459716096415,0,0,1
881ec902c9fffff,21,0.5238095238095238,1938.857142857143,0.09155930241946239,-0.055899294692009244,-0.11919380719472006,0,0,1
881ec902cbfffff,18,0.7777777777777778,3121.722222222222,0.026126038599320694,-0.042970181967819265,-0.12312117361862263,0,0,1
881ec902cdfffff,46,0.45652173913043476,2446.0652173913045,0.08281771864381884,-0.05695577840250586,-0.11470237854971739,0,0,1
881ec902d1fffff,21,0.23809523809523808,4488.476190476191,-0.1591992585118679,-0.12025558610820378,-0.15113052530777202,0,1,1
881ec902d5fffff,6,0.6666666666666666,2129.0,-0.1137568071920872,-0.06371734586435196,-0.13603079622255337,0,0,1
881ec902d9fffff,5,0.8,1636.8,-0.14806153505630415,-0.11341413069020556,-0.1528569912508323,0,0,1
881ec902dbfffff,24,0.5416666666666666,3956.875,-0.20328569542222916,-0.1772786879207514,-0.1636414973188255,1,1,1
881ec902e3fffff,14,0.14285714285714285,5487.571428571428,0.04440167008260193,-0.01697874380286843,-0.09157700946041293,0,0,1
881ec902e9fffff,93,0.43010752688172044,2847.2473118279568,0.11096667721761479,-0.05213048899271731,-0.10011737304095211,0,0,1
881ec902ebfffff,6,0.8333333333333334,5758.5,0.09518867997118961,-0.017550446634643918,-0.09843405408807468,0,0,1
881ec902edfffff,7,0.7142857142857143,4504.714285714285,0.07930640974877758,-0.058583196934662414,-0.0916637128810838,0,0,1
881ec90341fffff,23,0.13043478260869565,4257.521739130435,-0.024713399775884992,-0.06362027805934944,-0.09045166777533564,0,0,0
881ec90345fffff,22,0.18181818181818182,5168.5,-0.04035885991787774,-0.0493815880417624,-0.0865582105200896,0,0,0
881ec90349fffff,10,0.8,4057.0,-0.015475223138583433,-0.06618733008969935,-0.09373347401858012,0,0,0
881ec9034dfffff,7,0.42857142857142855,2850.1428571428573,-0.036682832967453616,-0.05003648805179739,-0.08863397736919454,0,0,0
881ec90401fffff,6,0.3333333333333333,4885.666666666667,-0.11838143800841432,-0.22522377040756741,-0.21125034592753666,0,1,1
881ec90431fffff,6,0.5,2169.6666666666665,-0.1566148970927989,-0.2354399682631069,-0.21410233159254866,1,1,1
881ec90463fffff,5,0.4,1863.8,-0.14855339691406172,-0.22369228075989459,-0.20890643452511798,1,1,1
881ec90467fffff,6,0.8333333333333334,3034.1666666666665,-0.16439789458001014,-0.22697997059793126,-0.2087067225974118,1,1,1
881ec904b7fffff,5,0.8,1754.8,-0.22144660946748593,-0.2454246900297672,-0.2215435643531924,1,1,1
881ec90521fffff,21,0.19047619047619047,6574.428571428572,-0.35922413710772644,-0.2659806837095876,-0.21322341389788688,1,1,1
881ec90529fffff,67,0.11940298507462686,3329.7462686567164,-0.34579868658530144,-0.26230687503647515,-0.21151143061385616,1,1,1
881ec9052bfffff,22,0.045454545454545456,4903.181818181818,-0.34220112557357496,-0.26077590785055804,-0.21238473361065158,1,1,1
881ec9052dfffff,5,0.2,4831.4,-0.36612728105778514,-0.26797925732810984,-0.21272088531174324,1,1,1
881ec90559fffff,10,0.5,2144.1,-0.20327813799099,-0.2334404077045016,-0.20756486030951238,1,1,1
881ec905c1fffff,7,0.2857142857142857,3869.0,-0.18645047061234288,-0.24080088906758368,-0.2155020259650567,1,1,1
881ec905c9fffff,15,0.5333333333333333,2812.9333333333334,-0.1798610653847159,-0.23808115884695336,-0.21423559501219797,1,1,1
881ec905d1fffff,11,0.18181818181818182,2359.6363636363635,-0.1940978119697901,-0.24149086446843854,-0.21694347369328001,1,1,1
881ec905d3fffff,10,0.3,3388.9,-0.20210386613892684,-0.24251944884173104,-0.21770180363656647,1,1,1
881ec905dbfffff,6,0.3333333333333333,1714.6666666666667,-0.19341065118952672,-0.24084092979358634,-0.21690450272474499,1,1,1
881ec905ddfffff,8,0.375,3011.875,-0.1843872526995682,-0.2403856572588307,-0.2161172097373774,1,1,1
881ec906b1fffff,6,0.6666666666666666,2448.3333333333335,-0.2085747297954363,-0.23220734632919976,-0.21868588302440958,1,1,1
881ec90701fffff,7,0.2857142857142857,1670.2857142857142,-0.16178744743888984,-0.20743155625830884,-0.19645467007613193,1,1,1
881ec90707fffff,6,0.8333333333333334,2284.5,-0.1620725505407031,-0.20823881503931907,-0.19903271362277228,1,1,1
881ec9070dfffff,6,0.6666666666666666,1934.5,-0.1430031595505178,-0.20735414401904056,-0.19274973510443733,1,1,1
881ec90723fffff,6,0.16666666666666666,2147.3333333333335,-0.16547663004483323,-0.22367095294263736,-0.20231533885992212,1,1,1
881ec9072bfffff,7,0.42857142857142855,1675.2857142857142,-0.16292905914607597,-0.2094098957655581,-0.19830420583646233,1,1,1
881ec90733fffff,17,0.29411764705882354,3154.470588235294,-0.16141064078077738,-0.22841361697797644,-0.20554914054410006,1,1,1
881ec90739fffff,12,0.5,1995.5,-0.1590106234559234,-0.21681662930163048,-0.2020012929817509,1,1,1
881ec9073dfffff,6,1.0,1281.0,-0.15898083417663414,-0.21967649770487568,-0.202156416404,1,1,1
881ec90741fffff,5,0.6,1518.2,-0.23062508610517807,-0.21630674374046854,-0.18541966491510548,1,1,1
881ec9074bfffff,5,1.0,774.8,-0.24826637113115338,-0.22615096886636865,-0.18891816982817883,1,1,1
881ec90759fffff,10,0.5,2466.1,-0.2483639901038815,-0.2289522105383242,-0.19770428013944255,1,1,1
881ec90761fffff,16,0.625,2330.9375,-0.11037796740077155,-0.18943946677032547,-0.18313477691579785,0,1,1
881ec90763fffff,8,0.875,1297.0,-0.13586352102401508,-0.19790762588055752,-0.19088882640605517,1,1,1
881ec90769fffff,21,0.5238095238095238,2566.095238095238,-0.09733994165479695,-0.18928000056761535,-0.17765027197524308,0,1,1
881ec9076bfffff,5,1.0,1479.2,-0.12638296090821838,-0.2027941119611381,-0.18617930823380785,0,1,1
881ec9076dfffff,10,0.4,4484.0,-0.09847423664712347,-0.16927779306510177,-0.17326188503960777,0,1,1
881ec90e49fffff,6,0.3333333333333333,2745.1666666666665,-0.3769710828042806,-0.26714293003099626,-0.21051958008859772,1,1,1
881ec90e59fffff,39,0.1794871794871795,4198.538461538462,-0.36571208542529776,-0.2803488081756629,-0.21244642590353152,1,1,1
881ec91013fffff,7,0.42857142857142855,4924.142857142857,-0.19085799241703438,-0.19714364993716169,-0.18803981088454452,0,1,1
881ec9101bfffff,12,0.5,4102.083333333333,-0.14634716906262346,-0.1950654041006331,-0.18519804905188436,0,1,1
881ec91035fffff,11,0.6363636363636364,1871.5454545454545,-0.13981494413117312,-0.13662985854173823,-0.13093098294441338,0,0,1
881ec91067fffff,6,0.3333333333333333,6676.0,-0.21481883786337674,-0.14419240486795568,-0.11371026539987059,1,1,1
881ec91081fffff,255,0.24705882352941178,4600.764705882353,-0.34219505107178616,-0.2797717632306329,-0.217990765637032,1,1,1
881ec91083fffff,457,0.24507658643326038,3547.3960612691467,-0.26425895907849,-0.2748403437486069,-0.22872798228992275,1,1,1
881ec91085fffff,13,0.6153846153846154,1806.4615384615386,-0.4306089437720046,-0.2974657087699221,-0.2173578992546993,1,1,1
881ec91087fffff,185,0.32432432432432434,2775.5135135135133,-0.3385667563491395,-0.30475363999148924,-0.227609526853706,1,1,1
881ec91089fffff,14,0.42857142857142855,5261.0,-0.3095531928197557,-0.22386674054468003,-0.20759248499759914,1,1,1
881ec9108bfffff,231,0.22077922077922077,3576.5194805194806,-0.2378459170380613,-0.23711185469287377,-0.21278954278900303,1,1,1
881ec9108dfffff,67,0.14925373134328357,3924.686567164179,-0.4129712700642135,-0.24246123775679934,-0.21162277987113848,1,1,1
881ec91091fffff,32,0.3125,3283.65625,-0.3313907630824363,-0.2674650225346871,-0.2339370053451516,1,1,1
881ec91093fffff,148,0.12162162162162163,3264.445945945946,-0.3413581864227416,-0.2629721943652963,-0.2489823390370306,1,1,1
881ec91095fffff,145,0.46206896551724136,3414.7724137931036,-0.2528722871465934,-0.2748121143489846,-0.2365598081950428,0,1,1
881ec91097fffff,98,0.42857142857142855,3417.081632653061,-0.29190665244531455,-0.2693292541706649,-0.24864802381717485,1,1,1
881ec91099fffff,67,0.22388059701492538,4168.074626865671,-0.29110420423123556,-0.2516927019566807,-0.21928728701351324,1,1,1
881ec9109bfffff,11,0.09090909090909091,6054.727272727273,-0.2971608167449649,-0.265666691486233,-0.2325985844239728,1,1,1
881ec9109dfffff,116,0.49137931034482757,3019.560344827586,-0.27163945559102654,-0.2618698551546702,-0.2210025518858456,1,1,1
881ec910a1fffff,22,0.36363636363636365,2684.909090909091,-0.3190359391348683,-0.2843780482651449,-0.2052786679469341,1,1,1
881ec910a3fffff,1000,0.167,2613.554,-0.37713648611723805,-0.3037671325038266,-0.22216147597331348,1,1,1
881ec910a5fffff,72,0.06944444444444445,3080.1111111111113,-0.2387528752742151,-0.2256064254621834,-0.1858146292862518,1,1,1
881ec910abfffff,62,0.0967741935483871,3147.3225806451615,-0.4094203617353236,-0.3058915832856199,-0.22075379573961446,1,1,1
881ec910adfffff,14,0.21428571428571427,2372.3571428571427,-0.2121639040886224,-0.23946801664261774,-0.19294375021772905,1,1,1
881ec910b1fffff,274,0.19708029197080293,4779.474452554745,-0.22545016063407888,-0.2552340252975909,-0.23374711234371645,1,1,1
881ec910b5fffff,1394,0.19440459110473457,3768.2431850789094,-0.28988753476338264,-0.24688664838437366,-0.22368050171189788,0,1,1
881ec910b7fffff,11,0.18181818181818182,5158.454545454545,-0.2429894299956642,-0.24513733179527392,-0.22706927597370702,1,1,1
881ec910b9fffff,113,0.23008849557522124,3134.7433628318586,-0.25786284930569264,-0.28069167051958477,-0.23283797021407354,0,1,1
881ec910bbfffff,143,0.2517482517482518,3998.6573426573427,-0.211300373828803,-0.27669472179767896,-0.24313376505055517,1,1,1
881ec910bdfffff,1420,0.19577464788732393,2609.3204225352115,-0.35156329398443403,-0.27602403455030255,-0.2284189735395905,1,1,1
881ec910c1fffff,6,0.16666666666666666,1553.6666666666667,-0.17941694180346365,-0.19440230093297461,-0.194481679576692,0,1,1
881ec910c3fffff,17,0.6470588235294118,1724.3529411764705,-0.1794201847418182,-0.1979710941667373,-0.19953632494176154,0,1,1
881ec910c7fffff,14,0.14285714285714285,4014.714285714286,-0.28382238336876564,-0.21266784951307927,-0.20167579202056762,1,1,1
881ec910cbfffff,52,0.07692307692307693,2369.326923076923,-0.13545197257537278,-0.17596563104400698,-0.19533312425605187,0,1,1
881ec910d1fffff,108,0.7685185185185185,2242.037037037037,-0.18077190863925297,-0.1959999245363815,-0.20555752738340588,1,1,1
881ec910d3fffff,25,0.68,3092.28,-0.3001332644624239,-0.22906906867631227,-0.21192169638085867,1,1,1
881ec910d5fffff,101,0.18811881188118812,2221.4950495049507,-0.16590376677086624,-0.20551411316024504,-0.20426695743038914,0,1,1
881ec910d7fffff,106,0.3490566037735849,2995.3207547169814,-0.24838323970857873,-0.22851220676990502,-0.210633389259474,1,1,1
881ec910d9fffff,26,0.23076923076923078,3198.153846153846,-0.09874373549227144,-0.1803525756276949,-0.20325162832059843,0,1,1
881ec910dbfffff,35,0.4857142857142857,2810.3714285714286,-0.25982588327180345,-0.20344154691990057,-0.20839302520303882,1,1,1
881ec910ddfffff,27,0.5925925925925926,4171.7037037037035,-0.08631057651737128,-0.17225549354024405,-0.20035412252454196,0,1,1
881ec910e1fffff,10,0.5,1837.8,-0.2576317545163147,-0.22466087140550783,-0.1958580878058277,1,1,1
881ec910e3fffff,13,0.3076923076923077,1766.1538461538462,-0.3390520225869308,-0.2508795897661165,-0.20733033439845666,1,1,1
881ec910e5fffff,6,0.6666666666666666,2859.3333333333335,-0.20880885240319502,-0.19855247502660442,-0.1781189461397112,1,1,1
881ec910e7fffff,6,0.3333333333333333,1942.1666666666667,-0.23557005767456296,-0.23818581411661033,-0.1954912096163111,1,1,1
881ec910e9fffff,18,0.4444444444444444,1864.3333333333333,-0.24519593963950176,-0.20531145954520238,-0.1917129553359352,1,1,1
881ec910edfffff,5,0.4,3068.2,-0.20991993898674474,-0.1969774930479465,-0.1821020814582441,1,1,1
881ec91121fffff,9,0.2222222222222222,2656.222222222222,-0.1370957023942212,-0.15892784501761362,-0.14933666849461505,1,1,1
881ec91125fffff,29,0.3103448275862069,3216.4827586206898,-0.15764133440289085,-0.1699163848301037,-0.16610842381984023,1,1,1
881ec91129fffff,10,0.5,2603.6,-0.10275234085862084,-0.1516614904806923,-0.14900811440242592,0,1,1
881ec9112dfffff,8,0.25,4201.0,-0.129742265395441,-0.1624171707486056,-0.16564570650308413,1,1,1
881ec91143fffff,10,0.2,3107.6,-0.09793482713645531,-0.11349723087173144,-0.12197199566853958,0,0,1
881ec91145fffff,7,0.14285714285714285,4584.571428571428,-0.08153596917442019,-0.12435721283968486,-0.14429435147131014,0,0,1
881ec91155fffff,16,0.375,3620.4375,-0.1078596751313693,-0.11254366944408367,-0.11492934919799426,0,0,1
881ec91161fffff,6,0.6666666666666666,2494.6666666666665,-0.08940305248058364,-0.14471010423810668,-0.16376440023336092,0,1,1
881ec91163fffff,9,0.3333333333333333,2413.1111111111113,-0.0885936147587846,-0.14171221549670354,-0.14799193454990514,0,1,1
881ec91167fffff,51,0.2549019607843137,2865.156862745098,-0.09740042602888353,-0.15373587774779335,-0.16474115725716337,0,1,1
881ec91169fffff,9,1.0,3222.222222222222,-0.07635700912539012,-0.1331377624859212,-0.1617889723425069,0,1,1
881ec9116bfffff,116,0.3103448275862069,2906.560344827586,-0.08425948648227058,-0.1346931187720258,-0.14690860308002032,0,1,1
881ec91183fffff,13,0.7692307692307693,2322.4615384615386,-0.0032471306164967295,-0.07982511740596154,-0.12968950563659218,0,0,1
881ec9118dfffff,10,0.7,3044.6,0.046975106378952684,-0.035862867759010514,-0.10949868863428108,0,0,1
881ec91191fffff,49,0.40816326530612246,3122.816326530612,-0.14077431178678826,-0.14279490144317747,-0.15452727673565847,0,1,1
881ec91193fffff,67,0.22388059701492538,2832.089552238806,-0.15380350509317645,-0.16421967404452673,-0.16127144979573443,0,1,1
881ec91195fffff,46,0.3695652173913043,1467.9130434782608,-0.05277138627117067,-0.09576896458013469,-0.13648732517964307,0,0,1
881ec91197fffff,115,0.3130434782608696,3297.573913043478,-0.06915088990050876,-0.1153728929565005,-0.14310095390093336,0,0,1
881ec91199fffff,87,0.1724137931034483,2752.5632183908046,-0.16939471797416397,-0.16965615297806436,-0.16366283744591123,1,1,1
881ec9119bfffff,96,0.08333333333333333,3863.7395833333335,-0.2382817065620302,-0.1981928284437941,-0.1755156198429874,1,1,1
881ec9119dfffff,13,0.6153846153846154,1642.4615384615386,-0.09266394121509075,-0.11697466191894518,-0.14393855005257045,0,1,1
881ec911a1fffff,6,0.5,3381.5,-0.009473122788886568,-0.050059491145494905,-0.09349837807296424,0,0,1
881ec911a3fffff,5,0.4,2908.2,0.007259198133037506,-0.06252209399971892,-0.09860476089902248,0,0,1
881ec911b1fffff,17,0.17647058823529413,1365.1764705882354,0.04247106474727677,-0.07357626303264772,-0.11945544048576473,0,0,1
881ec911b3fffff,6,0.3333333333333333,1876.6666666666667,0.01701630942606821,-0.08510705034971958,-0.11926139265933067,0,0,1
881ec911b7fffff,23,0.08695652173913043,1774.0,0.033450775080027556,-0.0777364389698697,-0.11220008962829059,0,0,1
881ec911b9fffff,9,0.4444444444444444,1493.5555555555557,0.030295236683287707,-0.0794132846827526,-0.126535771312538,0,0,1
881ec911bbfffff,42,0.3333333333333333,1711.642857142857,-0.0008250388538642017,-0.09362542653971191,-0.1280062513193892,0,0,1
881ec911d3fffff,61,0.11475409836065574,2481.311475409836,-0.14963901509917132,-0.18596745570012818,-0.1703180569856939,1,1,1
881ec911d9fffff,6,1.0,2241.6666666666665,-0.1340130062767937,-0.16431805212163264,-0.1593004155554047,0,1,1
881ec911e5fffff,5,0.4,2823.0,-0.02847186884337405,-0.059357325199198896,-0.10200147001500814,0,0,1
881ec91293fffff,5,0.6,5028.8,-0.33011496019414743,-0.1900532928209791,-0.20069037539988416,1,1,1
881ec91295fffff,19,0.8421052631578947,2480.684210526316,-0.23892959765553903,-0.17605850241644388,-0.19672306863345704,1,1,1
881ec91299fffff,6,1.0,1275.0,-0.27104452234072984,-0.17574185834984501,-0.1916307681734177,1,1,1
881ec9129bfffff,49,0.3673469387755102,10116.938775510203,-0.2733692066527067,-0.1839814310679403,-0.19790404362288438,1,1,1
881ec912b3fffff,6,0.6666666666666666,2116.5,-0.09054474806398205,-0.1813026999150541,-0.20107388712806695,0,1,1
881ec912b5fffff,16,0.625,6365.1875,-0.18430889435369524,-0.1691708004264304,-0.1945884495570613,1,1,1
881ec912b7fffff,14,0.35714285714285715,2622.3571428571427,-0.10318138049858816,-0.166246813026527,-0.19879081413906097,0,1,1
881ec912b9fffff,11,0.36363636363636365,5108.181818181818,-0.18138044351001914,-0.17266096027981026,-0.19566090298726257,1,1,1
881ec91513fffff,16,0.3125,2860.0625,-0.1776724645792151,-0.20345397566830448,-0.19422838733548717,1,1,1
881ec91515fffff,6,1.0,943.8333333333334,-0.104400105806219,-0.14431592858867046,-0.17488989128135876,0,1,1
881ec91521fffff,6,1.0,1975.6666666666667,-0.19324690745107126,-0.147884950093118,-0.15733903969312527,1,1,1
881ec91527fffff,8,0.375,2938.875,-0.002894224599848461,-0.09964128817639689,-0.13355318122430623,0,1,1
881ec91529fffff,16,0.5625,3618.5625,-0.29733537415092326,-0.21170037676940526,-0.18621688820330926,1,1,1
881ec9152dfffff,23,0.8695652173913043,3308.0434782608695,-0.31357878726931876,-0.24462083479581173,-0.17765303653988945,1,1,1
881ec91533fffff,5,1.0,3702.8,-0.14622562335443637,-0.11336407458408232,-0.15794644897260182,0,0,1
881ec91537fffff,21,0.6190476190476191,7578.428571428572,-0.08001317217736562,-0.06873972063083886,-0.1406074907627598,0,0,1
881ec91543fffff,5,0.4,2653.6,-0.3647978098582256,-0.25867044606887657,-0.22278779457313203,1,1,1
881ec91545fffff,23,0.13043478260869565,3962.913043478261,-0.3809167998649085,-0.273421009564241,-0.24514329967272377,1,1,1
881ec91549fffff,6,0.3333333333333333,7892.0,-0.2860963926650731,-0.27407319381842576,-0.23325118524800337,1,1,1
881ec9154dfffff,59,0.3389830508474576,3659.135593220339,-0.3299097014871867,-0.2671991165335947,-0.24116518856607672,1,1,1
881ec91561fffff,6,0.8333333333333334,2859.0,-0.29330919842544156,-0.29407672599202955,-0.24757639408998405,1,1,1
881ec91563fffff,30,0.26666666666666666,3437.8333333333335,-0.30111626454361345,-0.26058004217662345,-0.21687389341655483,1,1,1
881ec91565fffff,25,0.08,4634.92,-0.2904221272975229,-0.29182695982455215,-0.24191989296667493,1,1,1
881ec91567fffff,31,0.5161290322580645,3280.1935483870966,-0.30684865245365284,-0.2888587601382932,-0.21737187091543803,1,1,1
881ec9156bfffff,13,0.15384615384615385,6049.384615384615,-0.29956222420017525,-0.28735732777020334,-0.24066915826241814,1,1,1
881ec91581fffff,7,0.5714285714285714,2301.8571428571427,-0.28109182113557724,-0.23113558636011083,-0.19532318680297034,1,1,1
881ec91583fffff,20,0.35,2792.6,-0.2762362016898813,-0.23158494938993837,-0.19668690516131704,1,1,1
881ec91595fffff,8,0.0,2404.75,-0.27706275241571965,-0.23309656607443485,-0.19797658044359934,1,1,1
881ec915a1fffff,11,0.6363636363636364,2781.090909090909,-0.30098346771283874,-0.2145954086703396,-0.17957138763893665,1,1,1
881ec915a9fffff,6,0.5,5739.666666666667,-0.30564024190731637,-0.2192784691220621,-0.18122348713830094,1,1,1
881ec915abfffff,37,0.32432432432432434,4771.027027027027,-0.2795000208551072,-0.22173960265573736,-0.18601273863451662,1,1,1
881ec915b5fffff,6,0.16666666666666666,3286.0,-0.26328026157502565,-0.2248319010072623,-0.1882630263262471,1,1,1
881ec915b7fffff,34,0.11764705882352941,2631.794117647059,-0.2522390559249985,-0.23027040092438922,-0.19258068104526016,1,1,1
881ec915b9fffff,5,0.0,5527.2,-0.2757718269224236,-0.2302035390927761,-0.19408241013553756,1,1,1
881ec915bdfffff,12,0.75,2544.8333333333335,-0.2689882864571925,-0.2257635725132974,-0.1889042749579621,1,1,1
881ec915c1fffff,23,0.4782608695652174,3858.086956521739,-0.27266952449514065,-0.23558212154234037,-0.20316987046028798,1,1,1
881ec915c5fffff,8,0.75,1993.25,-0.24851861834983513,-0.2270558324348252,-0.19599764987079585,1,1,1
881ec915c7fffff,5,0.6,3980.8,-0.2767043271680154,-0.2345191259319235,-0.19671671181332212,1,1,1
881ec915c9fffff,13,0.38461538461538464,6048.384615384615,-0.26090491827606455,-0.23476303897358802,-0.21078962733084838,1,1,1
881ec915e1fffff,6,0.8333333333333334,1529.5,-0.2194030554136922,-0.20927956883784188,-0.178433977806923,1,1,1
881ec915e7fffff,12,0.3333333333333333,4617.833333333333,-0.24273297256448745,-0.2066064174586484,-0.17418480515066373,1,1,1
881ec915ebfffff,6,0.6666666666666666,2741.1666666666665,-0.2617852148849161,-0.22261439150078793,-0.1886008564266468,1,1,1
881ec915edfffff,20,0.9,2661.5,-0.17318173868644718,-0.17007603771131008,-0.1732653304549821,1,1,1
881ec916d3fffff,5,0.2,4631.8,-0.1941018778437531,-0.21795185729900646,-0.21732960875489088,0,1,1
881ec91703fffff,9,0.2222222222222222,5962.666666666667,-0.2761060333463217,-0.26572478829969787,-0.21834918299219536,1,1,1
881ec91705fffff,6,0.5,3789.5,-0.3093335618322516,-0.24394954352012155,-0.2162014316414782,1,1,1
881ec91707fffff,24,0.4583333333333333,4967.5,-0.287919395172735,-0.26283135931416446,-0.22093488718757678,1,1,1
881ec91717fffff,5,0.6,1821.8,-0.29973076975518254,-0.2746503087526596,-0.22298824436614062,1,1,1
881ec91721fffff,5,0.6,5596.4,-0.2992435801555648,-0.2572919418894959,-0.2224724091516523,1,1,1
881ec91723fffff,29,0.3103448275862069,6188.068965517241,-0.26379902352870965,-0.2741632401939863,-0.2285554261404819,1,1,1
881ec91727fffff,11,0.09090909090909091,9781.636363636364,-0.2853321323970256,-0.2690179313728278,-0.22922499247599243,1,1,1
881ec9172bfffff,13,0.23076923076923078,6581.076923076923,-0.28914002108132697,-0.2574116848177318,-0.221700775080568,1,1,1
881ec9172dfffff,8,0.5,3802.75,-0.3330257423738156,-0.2318752402635451,-0.21454648025784623,1,1,1
881ec91765fffff,21,0.8095238095238095,1546.2380952380952,-0.12796869751440465,-0.19391269676892708,-0.20524657216921732,0,1,1
881ec91851fffff,7,0.0,5940.714285714285,-0.25264159418621307,-0.2131569077223627,-0.19162741600567354,1,1,1
881ec91859fffff,10,0.0,7414.1,-0.2554513858297551,-0.21447345942492177,-0.19227937739969947,1,1,1
881ec91a13fffff,21,0.38095238095238093,3378.9523809523807,-0.24715344584938292,-0.17938635194529684,-0.16502239624908335,1,1,1
881ec91a17fffff,24,0.125,2114.5833333333335,-0.24844170386578163,-0.1942601298054195,-0.1815823481733056,1,1,1
881ec91a1bfffff,9,0.4444444444444444,3122.8888888888887,-0.21307480274387114,-0.1756291236323847,-0.1660167173728626,1,1,1
881ec91a2bfffff,7,0.5714285714285714,2909.4285714285716,-0.25071872630820974,-0.25949852267734796,-0.19425278423543194,1,1,1
881ec91a35fffff,5,0.4,4790.6,-0.2552927391075579,-0.24595099395107814,-0.19904457835518458,1,1,1
881ec91a3bfffff,11,0.36363636363636365,2437.909090909091,-0.2509090222559982,-0.21154517152283442,-0.19534121423775042,1,1,1
881ec91a3dfffff,6,1.0,1286.6666666666667,-0.24390390845949111,-0.2448000596511812,-0.19946718782634815,1,1,1
881ec91a4bfffff,10,0.4,2907.7,-0.1333184296260834,-0.20078842731249727,-0.1948176391303237,0,1,1
881ec91a81fffff,10,0.5,2601.4,-0.14542290064295704,-0.13310941046411692,-0.11876890176551386,1,1,1
881ec91a89fffff,163,0.5214723926380368,2261.521472392638,-0.16054294732949614,-0.13779683501331516,-0.11863169447870946,1,1,1
881ec91a8bfffff,9,0.4444444444444444,3403.5555555555557,-0.12285849710872454,-0.11697873643000856,-0.10871732507904514,0,1,1
881ec91a8dfffff,35,0.37142857142857144,4146.914285714286,-0.1839159607994616,-0.14911945488311815,-0.13044664099344253,1,1,1
881ec91a91fffff,5,0.0,2185.6,-0.06786944114672733,-0.06222833207459866,-0.09428509965105449,0,0,1
881ec91a93fffff,5,0.0,3228.4,-0.0551361878279748,-0.04728365455708827,-0.08928853482864318,0,0,0
881ec91a95fffff,9,0.3333333333333333,3464.5555555555557,-0.07800644103557275,-0.08374825513716355,-0.09998059187753278,0,0,1
881ec91a97fffff,84,0.30952380952380953,3536.4166666666665,-0.056000038750150916,-0.06098086681252113,-0.0930523202922231,0,0,1
881ec91aa7fffff,5,0.6,5251.2,-0.15338026865304588,-0.15696413837402817,-0.14300375385196895,1,1,1
881ec91ac7fffff,5,0.8,1384.0,-0.2035213497828141,-0.15464814299594104,-0.13101857526994512,1,1,1
881ec91ad5fffff,6,1.0,2149.6666666666665,-0.1310094831902704,-0.12302827665557126,-0.1086154257634429,0,1,1
881ec91ae9fffff,6,0.5,2617.1666666666665,-0.24016048587489314,-0.18091863370819883,-0.16385704472300913,1,1,1
881ec91b03fffff,5,1.0,2319.2,-0.3636514889076525,-0.22778992440625936,-0.16506600919440512,1,1,1
881ec91b0bfffff,8,0.625,2779.5,-0.35452323925924617,-0.22498517321504743,-0.1646666842057168,1,1,1
881ec91b11fffff,7,0.7142857142857143,1926.142857142857,-0.3681876650511764,-0.2751875944165255,-0.17954270033042377,1,1,1
881ec91b19fffff,7,0.2857142857142857,2714.4285714285716,-0.36291410594931706,-0.26538061285335296,-0.179211373330803,1,1,1
881ec91b1dfffff,14,0.5714285714285714,2578.714285714286,-0.3622328349906507,-0.2393389185018598,-0.17196593272567015,1,1,1
881ec91b41fffff,17,0.17647058823529413,3019.294117647059,-0.27189416855779264,-0.18082301422679287,-0.1509027350447508,1,1,1
881ec91b49fffff,7,0.2857142857142857,3939.1428571428573,-0.25212415908451075,-0.17351386263680235,-0.15063662678059067,1,1,1
881ec91b55fffff,14,0.21428571428571427,1822.0714285714287,-0.33749850730460484,-0.21919022962494553,-0.16364238847685386,1,1,1
881ec91b6dfffff,5,0.4,3984.8,-0.14441142038082566,-0.136496955106824,-0.13959863871931816,1,1,1
881ec93365fffff,11,0.36363636363636365,3285.181818181818,-0.21954779383791528,-0.23612149826110757,-0.21987836524004106,1,1,1
881ec9336dfffff,6,0.6666666666666666,1849.3333333333333,-0.22204554494140288,-0.23482441771790108,-0.21911496733336736,1,1,1
881ec93a5dfffff,6,0.3333333333333333,2630.6666666666665,-0.22330826683415747,-0.24636343516911818,-0.22194159977265326,1,1,1
881ec988b5fffff,5,1.0,3592.0,-0.07764641983441198,-0.03461351710785969,-0.05962582486358085,0,0,0
881ec988bdfffff,6,0.6666666666666666,2183.6666666666665,-0.08287531408891607,-0.03935399881572356,-0.06085682273285958,0,0,0
881ec9892bfffff,9,0.7777777777777778,1683.111111111111,-0.11481421361244468,-0.11369614346830306,-0.120043692576252,0,0,1
881ec98945fffff,9,0.5555555555555556,1071.111111111111,-0.12283763804636832,-0.11896353852537128,-0.12102910078138052,0,0,1
881ec98947fffff,10,0.1,1937.6,-0.11040056714859542,-0.1129886309517309,-0.11682717799897072,0,0,1
881ec98963fffff,5,0.0,2517.4,-0.12426143323685718,-0.12009506933995628,-0.1234270228495658,0,1,1
881ec9896bfffff,10,0.3,1822.1,-0.12317125386650085,-0.11950252913699583,-0.12207393390212079,0,1,1
881ec98d83fffff,7,0.14285714285714285,3527.5714285714284,-0.2889631137549946,-0.19818427436435937,-0.19433327352652346,1,1,1
881ec98d87fffff,5,0.2,5746.8,-0.28367456977049743,-0.19358692620280005,-0.19333459133341407,1,1,1
881ec98db9fffff,11,0.45454545454545453,3659.909090909091,-0.2882183168302679,-0.200535396818581,-0.19914376038806347,1,1,1
881ec98dd5fffff,6,0.5,3837.6666666666665,-0.28847030312344835,-0.19274156595825076,-0.18349553915211553,1,1,1
881ec99911fffff,7,0.2857142857142857,3832.714285714286,-0.1193117037405178,-0.11770662110420149,-0.12267138594449506,0,0,0
881ec999c5fffff,7,0.14285714285714285,2328.714285714286,-0.11195074558538842,-0.11225278719037324,-0.11519432454945744,0,0,0
881ec999c7fffff,9,0.1111111111111111,1821.7777777777778,-0.10812661393642709,-0.10946403203742683,-0.1126965770249384,0,0,0
881ec9a30bfffff,7,0.0,7026.0,0.3465298901567486,0.15708648251856983,0.0050816325360859334,1,0,0
881ec9a311fffff,5,0.2,6864.0,0.3485994659880425,0.1640794688485129,0.030709020196639313,1,0,0
881ec9a46dfffff,6,0.3333333333333333,4649.333333333333,-0.09784894821106871,-0.11300594169360201,-0.15397543359018373,0,0,1
881ec9a723fffff,6,0.16666666666666666,1982.5,-0.07911106257422085,-0.09874100547993891,-0.14568221174712026,0,0,1
881ec9a739fffff,8,0.5,4055.375,-0.08580974479147618,-0.10229965424307652,-0.14508212164011125,0,0,1
881ec9a73dfffff,12,0.16666666666666666,3192.8333333333335,-0.08261681218141814,-0.10036848046415925,-0.14500063378316452,0,0,1
881ec9b99dfffff,9,0.8888888888888888,2853.3333333333335,-0.16228512831705633,-0.18913359322751966,-0.20567874739844483,0,1,1
881ec9c1e7fffff,5,0.0,10289.4,-0.1149301407855178,-0.1602114015912302,-0.1696165270447872,1,1,1
881ec9c325fffff,13,0.0,11883.615384615385,-0.2485535210020537,-0.210796894495838,-0.1872622527194627,1,1,1
881ec9c425fffff,7,0.2857142857142857,2545.4285714285716,-0.10728414716539142,-0.11264131225555009,-0.1394634549882991,0,1,1
881ec9c4d5fffff,5,0.4,3439.0,-0.0911331213019616,-0.14824808117284924,-0.1764390250225189,0,1,1
881ec9c4ddfffff,9,0.2222222222222222,2698.1111111111113,-0.10785970684115814,-0.14781125541126006,-0.1676005634707093,0,1,1
881ec9c513fffff,37,0.8108108108108109,2747.4324324324325,-0.09944454841839746,-0.11662857890668167,-0.14004715961253583,0,1,1
881ec9c5a1fffff,47,0.2553191489361702,1879.1914893617022,-0.12294878515936919,-0.14876807566928887,-0.14492778474662088,1,1,1
881ec9c5a3fffff,7,0.7142857142857143,4107.571428571428,-0.20294514494519356,-0.16744639093455493,-0.14997228016848527,1,1,1
881ec9c5a5fffff,36,0.1388888888888889,2217.5833333333335,-0.09836243783342297,-0.1360435032201307,-0.14141188452035988,0,1,1
881ec9c5a7fffff,20,0.65,1860.7,-0.1575620793422655,-0.15453552089244366,-0.1454186301873284,1,1,1
881ec9c5a9fffff,10,0.1,1831.6,-0.1035908656256004,-0.14370761705887927,-0.144437262469593,0,1,1
881ec9c5adfffff,5,0.4,3559.4,-0.09121667789179243,-0.1312700630875046,-0.14101991044620038,0,1,1
881ec9c5c5fffff,5,1.0,1313.4,-0.1033906290418761,-0.1304041949266579,-0.14335096097086458,0,1,1
881ec9c5cdfffff,5,1.0,1560.8,-0.1059108856219686,-0.1274924936092885,-0.14303214711799722,0,1,1
881ec9c697fffff,11,0.18181818181818182,4534.636363636364,-0.05288433448284538,-0.09759564493562581,-0.11678915133924092,0,0,1
881ec9c6b9fffff,10,0.3,2972.3,-0.10936090937120194,-0.1295962834300149,-0.14099679002231513,0,1,1
881ec9c6bbfffff,10,0.5,3435.1,-0.07112361184507063,-0.11775203767851897,-0.13468453327802393,0,1,1
881ec9ce23fffff,5,0.0,1256.4,0.05999371888472346,-0.08643804894237375,-0.14521660544126758,0,0,1
881ec9ce81fffff,11,0.09090909090909091,5385.0,-0.03170219104158303,-0.09257242758790296,-0.13305378604500956,0,1,1
881ec9ce87fffff,6,1.0,4985.166666666667,-0.0356378624222172,-0.09354233554592149,-0.13284772190954292,0,1,1
881ec9ce91fffff,5,0.2,3036.8,-0.08727955801783718,-0.12764553959308006,-0.13882024742004784,0,1,1
881ec9ce99fffff,5,0.8,1385.0,-0.07702949317149654,-0.12439059590540341,-0.138591645353122,0,1,1
881ec9ce9bfffff,15,0.2,2698.8,-0.11167806827108775,-0.14087225518100577,-0.14177550302212966,0,1,1
881ec9ceb3fffff,14,0.5714285714285714,3814.0714285714284,-0.12950136967268344,-0.12379604601535787,-0.13725863189833698,1,1,1
881ec9cec3fffff,33,0.5757575757575758,2073.0,-0.039527473150419434,-0.08187951727450891,-0.13383385781850826,0,0,1
881ec9ced1fffff,10,0.7,2510.9,-0.06958619173741021,-0.10612884613797784,-0.13599100064486358,0,1,1
881ec9ced3fffff,17,0.29411764705882354,1838.5294117647059,-0.07696058021340324,-0.11928496152501364,-0.13834632965717605,0,1,1
881ec9ced5fffff,20,0.7,3745.35,-0.05554018404259689,-0.09446382501378774,-0.1342695242085454,0,1,1
881ec9ced7fffff,16,0.625,2843.25,-0.06271884065946504,-0.1089745472030053,-0.13614594711020997,0,1,1
881ec9ced9fffff,5,0.8,2154.8,-0.07617519182805896,-0.10109828659984621,-0.135807363454099,0,1,1
881ec9cedbfffff,89,0.10112359550561797,2352.483146067416,-0.0805928666277678,-0.11642016267934002,-0.13810011105311815,0,1,1
881ec9ceddfffff,7,0.7142857142857143,2730.714285714286,-0.06246294496001498,-0.08969376515815401,-0.13430507616312876,0,0,1
881ec9d4d7fffff,8,0.25,2678.875,-0.1475258218308908,-0.1316496143564243,-0.12620493390205267,1,1,1
881ec9d6bbfffff,7,0.14285714285714285,2119.5714285714284,-0.13759348050037667,-0.12689339093425156,-0.12479513969295897,0,1,1
882d359445fffff,7,0.2857142857142857,2524.0,-0.16739773300025262,-0.16664579681697833,-0.18602015586053333,1,1,1
882d35944dfffff,10,0.3,3768.9,-0.16439592414132043,-0.16434823961534073,-0.18463097464811185,0,0,1
882d359469fffff,6,0.16666666666666666,4433.5,-0.1704248247883532,-0.16891117469541006,-0.18877051588904703,1,1,1
882d359701fffff,6,0.0,4830.166666666667,-0.17117917227172386,-0.17001937139579704,-0.19226979038476577,1,1,1
882d35970bfffff,5,0.2,5678.0,-0.16759769377665412,-0.16741670116728546,-0.18945975684575167,1,1,1
882d359713fffff,12,0.0,5719.833333333333,-0.16741699750675842,-0.16679952899996586,-0.1868437139881567,1,1,1
882d35971bfffff,9,0.1111111111111111,3094.3333333333335,-0.16434207849619875,-0.164528912653101,-0.1849890190516036,0,1,1
882d35973dfffff,6,0.0,2160.5,-0.1779453086244498,-0.1746064215448675,-0.1953341803203218,1,1,1
